Nope,Horror,Mystery,Sci-Fi
Bodies Bodies Bodies,Comedy,Horror,Thriller
Last Night in Soho,Drama,Horror,Mystery
The Munsters,Comedy,Family,Fantasy
Orphan: First Kill,Crime,Drama,Horror
Resident Evil: Welcome to Raccoon City,Action,Horror,Sci-Fi
Crimes of the Future,Drama,Horror,Sci-Fi
Men,Drama,Fantasy,Horror
Morbius,Action,Adventure,Horror
Day Shift,Action,Comedy,Fantasy
Malnazidos,Action,Adventure,Fantasy
Watcher,Drama,Horror,Thriller
Orphan,Horror,Mystery,Thriller
Midsommar,Drama,Horror,Mystery
American Psycho,Crime,Drama,Horror
Old,Drama,Horror,Mystery
Scream,Horror,Mystery,Thriller
Mad God,Animation,Fantasy,Horror
Srpski film,Horror,Mystery,Thriller
Get Out,Horror,Mystery,Thriller
Hellboy,Action,Adventure,Fantasy
The Mist,Horror,Sci-Fi,Thriller
Overlord,Action,Horror,Sci-Fi
Fresh,Comedy,Horror,Thriller
Hocus Pocus 2,Comedy,Family,Fantasy
Hereditary,Drama,Horror,Mystery
Spree,Action,Comedy,Crime
The Mortal Instruments: City of Bones,Action,Adventure,Fantasy
Resident Evil,Action,Horror,Sci-Fi
Prey,Action,Drama,Horror
It Chapter Two,Drama,Fantasy,Horror
The Conjuring,Horror,Mystery,Thriller
Scream 6,Horror,Mystery,Thriller
Us,Horror,Mystery,Thriller
Fear Street: 1994,Drama,Horror,Mystery
Alien: Covenant,Horror,Sci-Fi,Thriller
The Thing,Horror,Mystery,Sci-Fi
The VVitch: A New-England Folktale,Drama,Fantasy,Horror
Annihilation,Adventure,Drama,Horror
The Deadly Mantis,Family,Horror,Sci-Fi
Fear Street: 1978,Drama,Horror,Mystery
The Shallows,Action,Drama,Horror
Beast,Adventure,Drama,Horror
Sinister,Horror,Mystery,Thriller
The Cabin in the Woods,Horror,Mystery,Thriller
A Quiet Place Part II,Drama,Horror,Sci-Fi
Hocus Pocus,Comedy,Family,Fantasy
The Meg,Action,Horror,Sci-Fi
The Mummy,Action,Adventure,Fantasy
Sweeney Todd: The Demon Barber of Fleet Street,Drama,Horror,Musical
Mother!,Drama,Horror,Mystery
Underwater,Action,Horror,Sci-Fi
A Quiet Place,Drama,Horror,Sci-Fi
Predator,Action,Adventure,Horror
The Hunt,Action,Horror,Thriller
The Lighthouse,Drama,Fantasy,Horror
Lamb,Drama,Fantasy,Horror
Firestarter,Drama,Horror,Sci-Fi
Interview with the Vampire: The Vampire Chronicles,Drama,Fantasy,Horror
Resurrection,Crime,Drama,Horror
The Empty Man,Horror,Mystery,Thriller
Suspiria,Drama,Fantasy,Horror
Bone Tomahawk,Drama,Horror,Western
Ready or Not,Action,Comedy,Horror
From Dusk Till Dawn,Action,Crime,Horror
Psycho,Horror,Mystery,Thriller
Texas Chainsaw Massacre,Crime,Horror,Thriller
De uskyldige,Drama,Fantasy,Horror
Jeepers Creepers: Reborn,Horror,Mystery,Thriller
Army of the Dead,Action,Crime,Horror
Doctor Sleep,Drama,Fantasy,Horror
Brightburn,Drama,Horror,Mystery
28 Days Later...,Drama,Horror,Sci-Fi
The Night House,Horror,Mystery,Thriller
Insidious,Horror,Mystery,Thriller
Dracula,Drama,Fantasy,Horror
It Follows,Horror,Mystery,Thriller
Constantine,Action,Fantasy,Horror
Life,Horror,Sci-Fi,Thriller
El hoyo,Horror,Sci-Fi,Thriller
The Invisible Man,Drama,Horror,Mystery
World War Z,Action,Adventure,Horror
Event Horizon,Horror,Sci-Fi,Thriller
The New Mutants,Action,Horror,Mystery
10 Cloverfield Lane,Drama,Horror,Mystery
Busanhaeng,Action,Horror,Thriller
Under the Skin,Drama,Horror,Mystery
Malignant,Crime,Horror,Mystery
What Ever Happened to Baby Jane?,Drama,Horror,Thriller
Saw,Horror,Mystery,Thriller
Blade,Action,Horror,Sci-Fi
The Rocky Horror Picture Show,Comedy,Horror,Musical
The Others,Horror,Mystery,Thriller
Don't Breathe,Crime,Horror,Thriller
Titane,Drama,Horror,Sci-Fi
The Killing of a Sacred Deer,Drama,Horror,Mystery
Eight for Silver,Fantasy,Horror,Mystery
The Poughkeepsie Tapes,Horror,Mystery,Thriller
Vivarium,Horror,Mystery,Sci-Fi
The Crow,Action,Crime,Drama
Hotel Transylvania: Transformania,Animation,Adventure,Comedy
Escape Room: Tournament of Champions,Action,Adventure,Horror
The Conjuring: The Devil Made Me Do It,Horror,Mystery,Thriller
The Descent,Adventure,Horror,Thriller
The Craft,Drama,Fantasy,Horror
Zombieland,Action,Comedy,Horror
They Live,Action,Horror,Sci-Fi
A Cure for Wellness,Drama,Fantasy,Horror
Don't Breathe 2,Action,Crime,Horror
The Rental,Drama,Horror,Mystery
Urban Legend,Horror,Mystery,Thriller
The Visit,Horror,Mystery,Thriller
Spiral: From the Book of Saw,Crime,Horror,Mystery
Little Shop of Horrors,Comedy,Horror,Musical
The Fly,Drama,Horror,Sci-Fi
Friday the 13th,Horror,Mystery,Thriller
47 Meters Down,Adventure,Drama,Horror
Antlers,Drama,Horror,Mystery
Vampires,Action,Horror,Thriller
Jaws 2,Adventure,Horror,Thriller
Escape Room,Action,Adventure,Horror
Gerald's Game,Drama,Horror,Thriller
The Purge,Horror,Sci-Fi,Thriller
La tua presenza nuda!,Crime,Drama,Horror
Ang-ma-reul bo-at-da,Action,Crime,Drama
Resident Evil: Apocalypse,Action,Horror,Sci-Fi
Doom,Action,Horror,Sci-Fi
Mandy,Action,Fantasy,Horror
The House That Jack Built,Crime,Drama,Horror
Pitch Black,Action,Horror,Sci-Fi
Climax,Drama,Horror,Music
The Conjuring 2,Horror,Mystery,Thriller
Dark Shadows,Comedy,Fantasy,Horror
Gremlins,Comedy,Fantasy,Horror
Marrowbone,Adventure,Drama,Horror
Glass,Drama,Horror,Sci-Fi
Blair Witch,Horror,Mystery,Thriller
Evil Dead Rise,Fantasy,Horror,Thriller
Sleepy Hollow,Fantasy,Horror,Mystery
The Mummy: Tomb of the Dragon Emperor,Action,Fantasy,Horror
Cloverfield,Action,Horror,Sci-Fi
The Cloverfield Paradox,Action,Horror,Sci-Fi
Choose or Die,Drama,Horror,Thriller
Resident Evil: Retribution,Action,Horror,Sci-Fi
No One Gets Out Alive,Drama,Horror,Mystery
Antichrist,Drama,Horror,Thriller
The Cell,Crime,Horror,Sci-Fi
Fantasy Island,Fantasy,Horror,Mystery
The Forever Purge,Action,Horror,Thriller
Scary Stories to Tell in the Dark,Adventure,Horror,Mystery
Teeth,Comedy,Fantasy,Horror
The Dead Don't Die,Comedy,Fantasy,Horror
Gokseong,Drama,Horror,Mystery
The Ritual,Horror,Mystery,Thriller
Crawl,Action,Adventure,Horror
Freaky,Comedy,Horror,Thriller
Alien Resurrection,Action,Horror,Sci-Fi
The Boy,Horror,Mystery,Thriller
The Faculty,Horror,Mystery,Sci-Fi
Halloween,Crime,Horror,Thriller
The Witches,Adventure,Comedy,Family
Angel Heart,Horror,Mystery,Thriller
Alien³,Action,Horror,Sci-Fi
The Nun,Horror,Mystery,Thriller
Willy's Wonderland,Action,Comedy,Horror
Crimson Peak,Drama,Horror,Mystery
Studio 666,Comedy,Horror,Music
Death Becomes Her,Comedy,Fantasy,Horror
Thor: Love and Thunder,Action,Adventure,Comedy
Jurassic World Dominion,Action,Adventure,Sci-Fi
Doctor Strange in the Multiverse of Madness,Action,Adventure,Fantasy
Everything Everywhere All at Once,Action,Adventure,Comedy
Lightyear,Animation,Action,Adventure
The Northman,Action,Adventure,Drama
The Batman,Action,Crime,Drama
Thor: Ragnarok,Action,Adventure,Comedy
The Man from Toronto,Action,Adventure,Thriller
The Princess,Action,Drama,Fantasy
Spider-Man: No Way Home,Action,Adventure,Fantasy
Spiderhead,Action,Crime,Drama
The Lost City,Action,Adventure,Comedy
Thor,Action,Adventure,Fantasy
The Unbearable Weight of Massive Talent,Action,Comedy,Crime
Rocketry: The Nambi Effect,Action,Biography,Drama
Fantastic Beasts: The Secrets of Dumbledore,Action,Adventure,Fantasy
No Time to Die,Action,Adventure,Thriller
Jurassic Park,Action,Adventure,Sci-Fi
Paws of Fury: The Legend of Hank,Animation,Action,Comedy
12 Strong,Action,Drama,History
The Marvels,Action,Adventure,Fantasy
Avengers: Endgame,Action,Adventure,Drama
Dune: Part One,Action,Adventure,Drama
Thor: The Dark World,Action,Adventure,Fantasy
Eternals,Action,Adventure,Fantasy
DC League of Super-Pets,Animation,Action,Adventure
Avatar: The Way of Water,Action,Adventure,Sci-Fi
The Dark Knight,Action,Crime,Drama
Ambulance,Action,Crime,Drama
Inception,Action,Adventure,Sci-Fi
Free Guy,Action,Adventure,Comedy
Black Panther: Wakanda Forever,Action,Adventure,Drama
The Woman King,Action,Drama,History
Black Adam,Action,Fantasy,Sci-Fi
Sonic the Hedgehog 2,Action,Adventure,Comedy
Avengers: Infinity War,Action,Adventure,Sci-Fi
The Lord of the Rings: The Fellowship of the Ring,Action,Adventure,Drama
Guardians of the Galaxy,Action,Adventure,Comedy
American Made,Action,Comedy,Crime
Major,Action,Biography,Drama
Star Wars,Action,Adventure,Fantasy
Jurassic World,Action,Adventure,Sci-Fi
Expend4bles,Action,Adventure,Thriller
Samaritan,Action,Drama,Fantasy
Independence Day,Action,Adventure,Sci-Fi
Moonfall,Action,Adventure,Sci-Fi
Doctor Strange,Action,Adventure,Fantasy
Blade Runner 2049,Action,Drama,Mystery
Interceptor,Action,Adventure,Drama
Black Widow,Action,Adventure,Sci-Fi
Jurassic World: Fallen Kingdom,Action,Adventure,Sci-Fi
The Gentlemen,Action,Comedy,Crime
Avatar,Action,Adventure,Fantasy
The King's Man,Action,Adventure,Thriller
Wanted,Action,Crime,Thriller
Tenet,Action,Sci-Fi,Thriller
The Suicide Squad,Action,Adventure,Comedy
The Adam Project,Action,Adventure,Comedy
Gladiator,Action,Adventure,Drama
Léon,Action,Crime,Drama
Captain Marvel,Action,Adventure,Sci-Fi
Shang-Chi and the Legend of the Ten Rings,Action,Adventure,Fantasy
Mad Max: Fury Road,Action,Adventure,Sci-Fi
Pirates of the Caribbean: The Curse of the Black Pearl,Action,Adventure,Fantasy
Heat,Action,Crime,Drama
Star Wars: Episode I - The Phantom Menace,Action,Adventure,Fantasy
CHIPS,Action,Comedy,Crime
Spider-Man: Homecoming,Action,Adventure,Sci-Fi
Guardians of the Galaxy Vol. 2,Action,Adventure,Comedy
Enola Holmes,Action,Adventure,Crime
Black Panther,Action,Adventure,Sci-Fi
Doragon boru supa supa hiro,Animation,Action,Adventure
Spider-Man,Action,Adventure,Sci-Fi
The Avengers,Action,Adventure,Sci-Fi
Wrath of Man,Action,Crime,Thriller
The Lord of the Rings: The Return of the King,Action,Adventure,Drama
Nobody,Action,Crime,Drama
The Hunger Games,Action,Adventure,Sci-Fi
Minority Report,Action,Crime,Mystery
The Last Duel,Action,Drama,History
John Wick,Action,Crime,Thriller
Blade Runner,Action,Drama,Sci-Fi
Suicide Squad,Action,Adventure,Fantasy
Iron Man,Action,Adventure,Sci-Fi
Khuda Haafiz Chapter II: Agni Pariksha,Action,Crime,Drama
John Wick: Chapter 4,Action,Crime,Thriller
Guardians of the Galaxy Vol. 3,Action,Adventure,Comedy
Red Notice,Action,Comedy,Thriller
Ford v Ferrari,Action,Biography,Drama
Deadpool,Action,Adventure,Comedy
Star Wars: Episode IX - The Rise of Skywalker,Action,Adventure,Fantasy
Warrior,Action,Drama,Sport
Mission: Impossible - Fallout,Action,Adventure,Thriller
Venom: Let There Be Carnage,Action,Adventure,Sci-Fi
Aquaman,Action,Adventure,Fantasy
Star Wars: Episode III - Revenge of the Sith,Action,Adventure,Fantasy
F9,Action,Crime,Thriller
The Lost World: Jurassic Park,Action,Adventure,Sci-Fi
Zack Snyder's Justice League,Action,Adventure,Fantasy
Never Say Never Again,Action,Adventure,Thriller
Oldeuboi,Action,Drama,Mystery
Ghostbusters,Action,Comedy,Fantasy
Sicario,Action,Crime,Drama
Jack Reacher,Action,Mystery,Thriller
1917,Action,Drama,War
Spider-Man: Into the Spider-Verse,Animation,Action,Adventure
Watchmen,Action,Drama,Mystery
Batman Begins,Action,Crime,Drama
Thief,Action,Crime,Drama
Mission: Impossible,Action,Adventure,Thriller
Operation Fortune: Ruse de guerre,Action,Comedy,Thriller
The Tomorrow War,Action,Adventure,Drama
Star Trek,Action,Adventure,Sci-Fi
Aliens,Action,Adventure,Sci-Fi
Point Break,Action,Crime,Thriller
Divergent,Action,Adventure,Mystery
Mission: Impossible - Dead Reckoning - Part One,Action,Adventure,Thriller
The Lord of the Rings: The Two Towers,Action,Adventure,Drama
Dunkirk,Action,Drama,History
Spider-Man: Far from Home,Action,Adventure,Sci-Fi
Captain America: The First Avenger,Action,Adventure,Sci-Fi
Kingsman: The Secret Service,Action,Adventure,Comedy
Birds of Prey and the Fantabulous Emancipation of One Harley Quinn,Action,Adventure,Comedy
Deadpool 2,Action,Adventure,Comedy
Rogue One,Action,Adventure,Sci-Fi
The Amazing Spider-Man,Action,Adventure,Sci-Fi
Dune: Part Two,Action,Adventure,Drama
Lone Survivor,Action,Biography,Drama
Final Score,Action,Drama,Thriller
Avengers: Age of Ultron,Action,Adventure,Sci-Fi
El Camino: A Breaking Bad Movie,Action,Crime,Drama
The Fifth Element,Action,Adventure,Sci-Fi
Transformers,Action,Adventure,Sci-Fi
Baby Driver,Action,Crime,Drama
Wild Card,Action,Crime,Drama
The World's End,Action,Comedy,Sci-Fi
Star Wars: Episode VI - Return of the Jedi,Action,Adventure,Fantasy
Pirates of the Caribbean: Dead Men Tell No Tales,Action,Adventure,Fantasy
Samrat Prithviraj,Action,Drama,History
Westworld,Action,Sci-Fi,Thriller
The Empire Strikes Back,Action,Adventure,Fantasy
Casino Royale,Action,Adventure,Thriller
Shazam! Fury of the Gods,Action,Adventure,Comedy
Sonic the Hedgehog,Action,Adventure,Comedy
Pearl Harbor,Action,Drama,History
Godzilla vs. Kong,Action,Sci-Fi,Thriller
The Revenant,Action,Adventure,Drama
Star Wars: Episode VII - The Force Awakens,Action,Adventure,Sci-Fi
Captain America: Civil War,Action,Adventure,Sci-Fi
Logan,Action,Drama,Sci-Fi
Bonnie and Clyde,Action,Biography,Crime
Speed,Action,Adventure,Thriller
Fantastic Four,Action,Adventure,Sci-Fi
Kill Bill: Vol. 1,Action,Crime,Drama
Star Wars: Episode II - Attack of the Clones,Action,Adventure,Fantasy
Mr. &amp; Mrs. Smith,Action,Comedy,Crime
Big Trouble in Little China,Action,Adventure,Comedy
Edge of Tomorrow,Action,Adventure,Sci-Fi
Armageddon,Action,Adventure,Sci-Fi
Ready Player One,Action,Adventure,Sci-Fi
Starship Troopers,Action,Adventure,Sci-Fi
Natural Born Killers,Action,Crime,Drama
Tuff Turf,Action,Comedy,Drama
Les valseuses,Action,Comedy,Crime
Red Sparrow,Action,Drama,Thriller
The Flash,Action,Adventure,Fantasy
Ant-Man and the Wasp: Quantumania,Action,Adventure,Comedy
Collateral,Action,Crime,Drama
The Fugitive,Action,Crime,Drama
Dune,Action,Adventure,Sci-Fi
The Heat,Action,Comedy,Crime
Big Hero 6,Animation,Action,Adventure
Get Smart,Action,Adventure,Comedy
X-Men,Action,Adventure,Sci-Fi
Rush,Action,Biography,Drama
Jungle Cruise,Action,Adventure,Comedy
Star Wars: Episode VIII - The Last Jedi,Action,Adventure,Fantasy
Black Hawk Down,Action,Drama,History
The Amazing Spider-Man 2,Action,Adventure,Sci-Fi
Solo: A Star Wars Story,Action,Adventure,Sci-Fi
Justice League,Action,Adventure,Fantasy
The Mask,Action,Comedy,Crime
Venom,Action,Adventure,Sci-Fi
Fast X,Action,Crime,Mystery
Wonder Woman 1984,Action,Adventure,Fantasy
Reign of Fire,Action,Adventure,Fantasy
Oblivion,Action,Adventure,Sci-Fi
The Last Castle,Action,Drama,Thriller
The Incredibles,Animation,Action,Adventure
Wonder Woman,Action,Adventure,Fantasy
Wrong Place,Action,Crime,Thriller
Alita: Battle Angel,Action,Adventure,Sci-Fi
The Equalizer,Action,Crime,Thriller
Spectre,Action,Adventure,Thriller
Anek,Action,Drama,Thriller
Ant-Man,Action,Adventure,Comedy
Spider-Man 3,Action,Adventure,Sci-Fi
RoboCop,Action,Crime,Sci-Fi
Captain America: The Winter Soldier,Action,Adventure,Sci-Fi
Apocalypto,Action,Adventure,Drama
Snowpiercer,Action,Sci-Fi,Thriller
Rise of the Footsoldier: Origins,Action,Crime,Drama
The Sea Beast,Animation,Adventure,Comedy
Minions: The Rise of Gru,Animation,Adventure,Comedy
Sing 2,Animation,Adventure,Comedy
Barbie,Adventure,Comedy,Fantasy
The Bob's Burgers Movie,Animation,Adventure,Comedy
The Bad Guys,Animation,Adventure,Comedy
Ghostbusters: Afterlife,Adventure,Comedy,Fantasy
Interstellar,Adventure,Drama,Sci-Fi
Harry Potter and the Sorcerer's Stone,Adventure,Family,Fantasy
Luck,Animation,Adventure,Comedy
Minions,Animation,Adventure,Comedy
The Goonies,Adventure,Comedy,Family
Back to the Future,Adventure,Comedy,Sci-Fi
Despicable Me,Animation,Adventure,Comedy
Deliverance,Adventure,Drama,Thriller
Chip 'n Dale: Rescue Rangers,Animation,Adventure,Comedy
Inglourious Basterds,Adventure,Drama,War
Turning Red,Animation,Adventure,Comedy
The Grand Budapest Hotel,Adventure,Comedy,Crime
777 Charlie,Adventure,Comedy,Drama
Thelma &amp; Louise,Adventure,Crime,Drama
Fantastic Beasts: The Crimes of Grindelwald,Adventure,Family,Fantasy
The Princess Bride,Adventure,Family,Fantasy
Moana,Animation,Adventure,Comedy
The Blue Lagoon,Adventure,Drama,Romance
The Parent Trap,Adventure,Comedy,Drama
Prometheus,Adventure,Mystery,Sci-Fi
The Lion King,Animation,Adventure,Drama
Scooby-Doo,Adventure,Comedy,Family
The Railway Children Return,Adventure,Drama,Family
Idiocracy,Adventure,Comedy,Sci-Fi
Ad Astra,Adventure,Drama,Mystery
Sen to Chihiro no kamikakushi,Animation,Adventure,Family
Cruella,Adventure,Comedy,Crime
The Little Mermaid,Adventure,Family,Fantasy
Cars,Animation,Adventure,Comedy
Harry Potter and the Goblet of Fire,Adventure,Family,Fantasy
Despicable Me 3,Animation,Adventure,Comedy
Fantastic Beasts and Where to Find Them,Adventure,Family,Fantasy
The Green Knight,Adventure,Drama,Fantasy
Toy Story,Animation,Adventure,Comedy
Aladdin,Adventure,Comedy,Family
Ratatouille,Animation,Adventure,Comedy
The NeverEnding Story,Adventure,Drama,Family
The Martian,Adventure,Drama,Sci-Fi
Despicable Me 2,Animation,Adventure,Comedy
Zootopia,Animation,Adventure,Comedy
Harry Potter and the Deathly Hallows: Part 1,Adventure,Family,Fantasy
Legend,Adventure,Fantasy,Romance
Harry Potter and the Chamber of Secrets,Adventure,Family,Fantasy
Harry Potter and the Deathly Hallows: Part 2,Adventure,Fantasy,Mystery
Charlie and the Chocolate Factory,Adventure,Comedy,Family
Luca,Animation,Adventure,Comedy
Beauty and the Beast,Adventure,Family,Fantasy
Into the Wild,Adventure,Biography,Drama
Willow,Action,Adventure,Drama
Pirates of the Caribbean: Dead Man's Chest,Action,Adventure,Fantasy
Chef,Adventure,Comedy,Drama
Iron Man Three,Action,Adventure,Sci-Fi
Disenchanted,Animation,Adventure,Comedy
Jumanji: The Next Level,Action,Adventure,Comedy
Mission: Impossible - Ghost Protocol,Action,Adventure,Thriller
The Wizard of Oz,Adventure,Family,Fantasy
Frozen,Animation,Adventure,Comedy
The Twilight Saga: Breaking Dawn - Part 2,Adventure,Drama,Fantasy
Aquaman and the Lost Kingdom,Action,Adventure,Fantasy
Clash of the Titans,Action,Adventure,Family
The Hunger Games: The Ballad of Songbirds and Snakes,Action,Adventure,Drama
Jurassic Park III,Action,Adventure,Sci-Fi
Shika no ou,Animation,Action,Adventure
Terminator: Dark Fate,Action,Adventure,Sci-Fi
Twister,Action,Adventure,Thriller
Harry Potter and the Prisoner of Azkaban,Adventure,Family,Fantasy
Iron Man 2,Action,Adventure,Sci-Fi
Man of Steel,Action,Adventure,Sci-Fi
Mission: Impossible II,Action,Adventure,Thriller
Game Night,Action,Adventure,Comedy
E.T. the Extra-Terrestrial,Adventure,Family,Sci-Fi
Secret Headquarters,Action,Adventure,Comedy
Green Lantern: Beware My Power,Animation,Adventure,Sci-Fi
The Magnificent Seven,Action,Adventure,Western
X-Men: Apocalypse,Action,Adventure,Sci-Fi
The Incredible Hulk,Action,Adventure,Sci-Fi
Finding Nemo,Animation,Adventure,Comedy
Kong: Skull Island,Action,Adventure,Fantasy
Ant-Man and the Wasp,Action,Adventure,Comedy
Transformers: Rise of the Beasts,Action,Adventure,Sci-Fi
Mad Max,Action,Adventure,Sci-Fi
Power Rangers,Action,Adventure,Fantasy
Mission: Impossible - Rogue Nation,Action,Adventure,Thriller
Pirates of the Caribbean: On Stranger Tides,Action,Adventure,Fantasy
Hauru no ugoku shiro,Animation,Adventure,Family
X-Men: Days of Future Past,Action,Adventure,Sci-Fi
Jumanji: Welcome to the Jungle,Action,Adventure,Comedy
Shazam!,Action,Adventure,Comedy
Batgirl,Action,Adventure,Crime
Spider-Man 2,Action,Adventure,Sci-Fi
Almost Famous,Adventure,Comedy,Drama
Hustle,Comedy,Drama,Sport
The Wolf of Wall Street,Biography,Comedy,Crime
CODA,Comedy,Drama,Music
"Hello, Goodbye and Everything in Between",Comedy,Drama,Romance
Father of the Bride,Comedy,Drama,Romance
Jerry &amp; Marge Go Large,Biography,Comedy,Drama
Licorice Pizza,Comedy,Drama,Romance
Marcel the Shell with Shoes On,Animation,Comedy,Family
Verdens verste menneske,Comedy,Drama,Romance
Don't Look Up,Comedy,Drama,Sci-Fi
Encanto,Animation,Comedy,Family
Gisaengchung,Comedy,Drama,Thriller
Jojo Rabbit,Comedy,Drama,War
Knives Out,Comedy,Crime,Drama
Barefoot,Comedy,Drama,Romance
Jug Jugg Jeeyo,Comedy,Drama,Family
Marry Me,Comedy,Music,Romance
The Sandlot,Comedy,Drama,Family
Vengeance,Comedy,Mystery,Thriller
The Girl Next Door,Comedy,Drama,Romance
The French Dispatch,Comedy,Drama,Romance
The Phantom of the Open,Comedy,Drama,Sport
Love &amp; Gelato,Comedy,Drama,Romance
Alice's Restaurant,Comedy,Drama,Music
Mr. Malcolm's List,Comedy,Drama,Romance
Sing,Animation,Comedy,Family
The Big Short,Biography,Comedy,Drama
10 Things I Hate About You,Comedy,Drama,Romance
The Terminal,Comedy,Drama,Romance
Hustlers,Comedy,Crime,Drama
Crazy Rich Asians,Comedy,Drama,Romance
A League of Their Own,Comedy,Drama,Sport
Roald Dahl's Matilda the Musical,Comedy,Drama,Family
Love Actually,Comedy,Drama,Romance
Clue,Comedy,Crime,Mystery
Nude Tuesday,Comedy,Drama,Romance
About Time,Comedy,Drama,Fantasy
Emma.,Comedy,Drama,Romance
La La Land,Comedy,Drama,Music
Victor/Victoria,Comedy,Music,Romance
Steel Magnolias,Comedy,Drama,Romance
Pitch Perfect,Comedy,Music,Romance
Grease,Comedy,Musical,Romance
Green Book,Biography,Comedy,Drama
Vice,Biography,Comedy,Drama
Jerry Maguire,Comedy,Drama,Romance
He's Just Not That Into You,Comedy,Drama,Romance
A Simple Favor,Comedy,Crime,Mystery
Matilda,Comedy,Family,Fantasy
Tropic Thunder,Action,Comedy,War
War Dogs,Biography,Comedy,Crime
Baywatch,Action,Comedy,Crime
Secretary,Comedy,Drama,Romance
"Crazy, Stupid, Love.",Comedy,Drama,Romance
Vicky Cristina Barcelona,Comedy,Drama,Romance
Scott Pilgrim vs. the World,Action,Comedy,Fantasy
Diary of a Wimpy Kid,Comedy,Drama,Family
The Longest Yard,Comedy,Crime,Drama
La vita è bella,Comedy,Drama,Romance
LOL,Comedy,Drama,Romance
Beverly Hills Cop,Action,Comedy,Crime
Army of Thieves,Action,Comedy,Crime
The Wedding Singer,Comedy,Music,Romance
The Intouchables,Biography,Comedy,Drama
Up in the Air,Comedy,Drama,Romance
Mamma Mia!,Comedy,Musical,Romance
Kingsman: The Golden Circle,Action,Adventure,Comedy
Thoroughbreds,Comedy,Crime,Drama
Without a Paddle,Adventure,Comedy,Mystery
"Three Billboards Outside Ebbing, Missouri",Comedy,Crime,Drama
Hunt for the Wilderpeople,Adventure,Comedy,Drama
You've Got Mail,Comedy,Drama,Romance
Bring It On,Comedy,Romance,Sport
21 Jump Street,Action,Comedy,Crime
Strange World,Animation,Action,Adventure
Beautiful Creatures,Drama,Fantasy,Romance
The Green Mile,Crime,Drama,Fantasy
Twilight,Drama,Fantasy,Romance
Mine,Drama,Fantasy,Thriller
The Age of Adaline,Drama,Fantasy,Romance
The Curious Case of Benjamin Button,Drama,Fantasy,Romance
Meet Joe Black,Drama,Fantasy,Romance
Edward Scissorhands,Drama,Fantasy,Romance
Three Thousand Years of Longing,Drama,Fantasy,Romance
Underworld,Action,Fantasy,Thriller
Hancock,Action,Drama,Fantasy
Batman Returns,Action,Crime,Fantasy
"The Chronicles of Narnia: The Lion, the Witch and the Wardrobe",Adventure,Family,Fantasy
Tomb Raider,Action,Adventure,Fantasy
Jaadugar,Comedy,Drama,Fantasy
Raya and the Last Dragon,Animation,Action,Adventure
Kimi no na wa.,Animation,Drama,Fantasy
"Monsters, Inc.",Animation,Adventure,Comedy
Jumanji,Adventure,Comedy,Family
Valerian and the City of a Thousand Planets,Action,Adventure,Fantasy
Shrek,Animation,Adventure,Comedy
Inside Out,Animation,Adventure,Comedy
Hercules,Animation,Adventure,Comedy
Palm Springs,Comedy,Fantasy,Mystery
Pirates of the Caribbean: At World's End,Action,Adventure,Fantasy
Untitled Super Mario Project,Animation,Adventure,Comedy
Coco,Animation,Adventure,Comedy
Dungeons &amp; Dragons: Honor Among Thieves,Action,Adventure,Fantasy
Toy Story 4,Animation,Adventure,Comedy
Godzilla: King of the Monsters,Action,Adventure,Fantasy
Soul,Animation,Adventure,Comedy
Wonka,Adventure,Comedy,Family
Paddington 2,Adventure,Comedy,Family
Harry Potter and the Order of the Phoenix,Action,Adventure,Family
Masters of the Universe,Action,Adventure,Fantasy
Rookie of the Year,Comedy,Family,Fantasy
Pinocchio,Adventure,Comedy,Drama
Mortal Kombat,Action,Adventure,Fantasy
Kung Fu Panda,Animation,Action,Adventure
Mononoke-hime,Animation,Adventure,Fantasy
Hook,Adventure,Comedy,Family
The Shape of Water,Drama,Fantasy,Romance
Cool World,Animation,Comedy,Fantasy
Sucker Punch,Action,Adventure,Fantasy
Tangled,Animation,Adventure,Comedy
Labyrinth,Adventure,Family,Fantasy
Fantastic Four,Action,Adventure,Fantasy
Field of Dreams,Drama,Family,Fantasy
Conan the Barbarian,Action,Adventure,Fantasy
Harry Potter and the Half-Blood Prince,Action,Adventure,Family
Alice in Wonderland,Adventure,Family,Fantasy
The Legend of Tarzan,Action,Adventure,Drama
Pan's Labyrinth,Drama,Fantasy,War
Big Fish,Adventure,Drama,Fantasy
Love and Monsters,Action,Adventure,Comedy
Elf,Adventure,Comedy,Family
Snake Eyes: G.I. Joe Origins,Action,Adventure,Crime
King Arthur: Legend of the Sword,Action,Adventure,Drama
Midnight in Paris,Comedy,Fantasy,Romance
How to Train Your Dragon,Animation,Action,Adventure
Willy Wonka &amp; the Chocolate Factory,Family,Fantasy,Musical
The Mummy Returns,Action,Adventure,Fantasy
Cinderella,Comedy,Family,Fantasy
Swiss Army Man,Comedy,Drama,Fantasy
Cinderella,Adventure,Drama,Family
Rebel Moon,Adventure,Drama,Fantasy
Immortals,Action,Drama,Fantasy
Aladdin,Animation,Adventure,Comedy
Peggy Sue Got Married,Comedy,Drama,Fantasy
The Lovely Bones,Drama,Fantasy,Thriller
Ghost Rider,Action,Fantasy,Thriller
Van Helsing,Action,Adventure,Fantasy
Mulan,Action,Adventure,Drama
The Time Traveler's Wife,Comedy,Drama,Fantasy
Mortal Engines,Action,Adventure,Fantasy
Lilo &amp; Stitch,Animation,Adventure,Comedy
Rumble,Animation,Comedy,Family
Stardust,Adventure,Family,Fantasy
A Bug's Life,Animation,Adventure,Comedy
Toy Story 3,Animation,Adventure,Comedy
Yesterday,Comedy,Fantasy,Music
Chaos Walking,Action,Adventure,Fantasy
Disney's Snow White,Adventure,Drama,Family
It's a Wonderful Life,Drama,Family,Fantasy
Sorry to Bother You,Comedy,Drama,Fantasy
Beauty and the Beast,Animation,Family,Fantasy
Dogma,Adventure,Comedy,Drama
Vanilla Sky,Fantasy,Mystery,Romance
Hercules,Action,Adventure,Fantasy
Dora and the Lost City of Gold,Action,Adventure,Comedy
Percy Jackson &amp; the Olympians: The Lightning Thief,Adventure,Family,Fantasy
Mary Poppins,Comedy,Family,Fantasy
Ghost,Drama,Fantasy,Romance
The Little Mermaid,Animation,Adventure,Comedy
Mulan,Animation,Adventure,Comedy
Warcraft,Action,Adventure,Fantasy
Life of Pi,Adventure,Drama,Fantasy
The Secret Life of Walter Mitty,Adventure,Comedy,Drama
Clifford the Big Red Dog,Animation,Adventure,Comedy
Brahmastra Part One: Shiva,Action,Adventure,Fantasy
Sausage Party,Animation,Adventure,Comedy
What Happened to Monday,Action,Crime,Fantasy
Clash of the Titans,Action,Adventure,Fantasy
Coraline,Animation,Drama,Family
Cats,Comedy,Drama,Family
Big,Comedy,Drama,Fantasy
Miss Peregrine's Home for Peculiar Children,Adventure,Drama,Family
Spider-Man: Across the Spider-Verse,Animation,Action,Adventure
Who Framed Roger Rabbit,Animation,Adventure,Comedy
The Emperor's New Groove,Animation,Adventure,Comedy
Frozen II,Animation,Adventure,Comedy
Monster Hunter,Action,Adventure,Fantasy
Colossal,Comedy,Drama,Fantasy
Highlander,Action,Adventure,Fantasy
The King's Daughter,Action,Adventure,Family
The Man from Earth,Drama,Fantasy,Mystery
WALL·E,Animation,Adventure,Family
Up,Animation,Adventure,Comedy
The Mitchells vs the Machines,Animation,Adventure,Comedy
Madagascar,Animation,Adventure,Comedy
Hotaru no haka,Animation,Drama,War
Incredibles 2,Animation,Action,Adventure
Toy Story 2,Animation,Adventure,Comedy
Wreck-It Ralph,Animation,Adventure,Comedy
Tarzan,Animation,Adventure,Comedy
Ice Age,Animation,Adventure,Comedy
Enchanted,Animation,Adventure,Comedy
Ryû to sobakasu no hime,Animation,Adventure,Drama
Fantastic Mr. Fox,Animation,Adventure,Comedy
Guillermo del Toro's Pinocchio,Animation,Drama,Family
Robots,Animation,Adventure,Comedy
Space Jam: A New Legacy,Animation,Adventure,Comedy
Atlantis: The Lost Empire,Animation,Action,Adventure
Brave,Animation,Adventure,Comedy
The Princess and the Frog,Animation,Adventure,Comedy
How to Train Your Dragon: The Hidden World,Animation,Action,Adventure
Shrek 2,Animation,Adventure,Comedy
Puss in Boots: The Last Wish,Animation,Adventure,Comedy
Hotel Transylvania,Animation,Adventure,Comedy
Treasure Planet,Animation,Adventure,Family
Tom &amp; Jerry,Animation,Adventure,Comedy
Megamind,Animation,Action,Comedy
Gekijouban Jujutsu Kaisen 0,Animation,Action,Fantasy
Hopper et le hamster des ténèbres,Animation,Adventure,Comedy
Cars 3,Animation,Adventure,Comedy
Rango,Animation,Action,Adventure
Kung Fu Panda 3,Animation,Action,Adventure
Cloudy with a Chance of Meatballs,Animation,Adventure,Comedy
Pâfekuto burû,Animation,Crime,Drama
Ferdinand,Animation,Adventure,Comedy
The Lego Movie,Animation,Action,Adventure
The Addams Family 2,Animation,Adventure,Comedy
Cars 2,Animation,Adventure,Comedy
Finding Dory,Animation,Adventure,Comedy
The Secret Life of Pets,Animation,Adventure,Comedy
Akira,Animation,Action,Drama
Tonari no Totoro,Animation,Comedy,Family
Ralph Breaks the Internet,Animation,Adventure,Comedy
Onward,Animation,Adventure,Comedy
PAW Patrol: The Movie,Animation,Adventure,Comedy
Rio,Animation,Adventure,Comedy
Isle of Dogs,Animation,Adventure,Comedy
"Lyle, Lyle, Crocodile",Animation,Adventure,Comedy
The Croods: A New Age,Animation,Adventure,Comedy
The Prince of Egypt,Animation,Adventure,Drama
Home,Animation,Adventure,Comedy
Anastasia,Animation,Adventure,Drama
Alvin and the Chipmunks,Animation,Adventure,Comedy
The Jungle Book,Animation,Adventure,Comedy
Monsters University,Animation,Adventure,Comedy
The House,Animation,Comedy,Drama
Bolt,Animation,Adventure,Comedy
Kung Fu Panda 2,Animation,Action,Adventure
Bee Movie,Animation,Adventure,Comedy
Ron's Gone Wrong,Animation,Adventure,Comedy
Kimetsu no Yaiba: Mugen Ressha-Hen,Animation,Action,Adventure
Elemental,Animation,Adventure,Comedy
Pocahontas,Animation,Adventure,Drama
The Lego Batman Movie,Animation,Action,Adventure
Back to the Outback,Animation,Adventure,Comedy
Space Jam,Animation,Adventure,Comedy
How to Train Your Dragon 2,Animation,Action,Adventure
Vivo,Animation,Adventure,Comedy
The Nightmare Before Christmas,Animation,Family,Fantasy
Angry Birds,Animation,Action,Adventure
The Boss Baby: Family Business,Animation,Adventure,Comedy
Trolls World Tour,Animation,Adventure,Comedy
The Hunchback of Notre Dame,Animation,Drama,Family
9,Animation,Action,Adventure
Meet the Robinsons,Animation,Adventure,Comedy
Happy Feet,Animation,Adventure,Comedy
Fireheart,Animation,Adventure,Comedy
The Boss Baby,Animation,Adventure,Comedy
The Iron Giant,Animation,Action,Adventure
Shark Tale,Animation,Adventure,Comedy
Trolls,Animation,Adventure,Comedy
Snow White and the Seven Dwarfs,Animation,Adventure,Family
Dinosaur,Animation,Adventure,Drama
The Road to El Dorado,Animation,Adventure,Comedy
Wish Dragon,Animation,Adventure,Comedy
The Adventures of Tintin,Animation,Action,Adventure
Beavis and Butt-Head Do America,Animation,Adventure,Comedy
The Lorax,Animation,Adventure,Comedy
Shrek the Third,Animation,Adventure,Comedy
The Book of Life,Animation,Adventure,Comedy
Chicken Little,Animation,Adventure,Comedy
Shrek Forever After,Animation,Adventure,Comedy
Heavy Metal,Animation,Adventure,Fantasy
Beowulf,Animation,Action,Adventure
Robin Hood,Animation,Adventure,Comedy
Majo no takkyûbin,Animation,Adventure,Family
Gake no ue no Ponyo,Animation,Adventure,Comedy
Apollo 10 1/2: A Space Age Adventure,Animation,Adventure,Drama
Hotel Transylvania 3: Summer Vacation,Animation,Adventure,Comedy
The AristoCats,Animation,Adventure,Comedy
Rise of the Guardians,Animation,Action,Adventure
Injustice,Animation,Action,Adventure
The Emoji Movie,Animation,Adventure,Comedy
The Croods,Animation,Adventure,Comedy
The Ice Age Adventures of Buck Wild,Animation,Adventure,Comedy
Thumbelina,Animation,Adventure,Family
Kôkaku Kidôtai,Animation,Action,Crime
A Goofy Movie,Animation,Adventure,Comedy
"Batman: The Long Halloween, Part One",Animation,Action,Crime
The Secret of NIMH,Animation,Adventure,Drama
Alice in Wonderland,Animation,Adventure,Comedy
Chicken Run,Animation,Adventure,Comedy
A Christmas Story Christmas,Animation,Comedy,Drama
The Good Dinosaur,Animation,Adventure,Comedy
The Addams Family,Animation,Comedy,Family
Sonic the Hedgehog 3,Animation,Action,Adventure
The SpongeBob SquarePants Movie,Animation,Adventure,Comedy
The Land Before Time,Animation,Adventure,Drama
Tenki no ko,Animation,Drama,Fantasy
The Angry Birds Movie 2,Animation,Action,Adventure
Over the Hedge,Animation,Adventure,Comedy
Corpse Bride,Animation,Drama,Family
The Secret Life of Pets 2,Animation,Adventure,Comedy
Peter Pan,Animation,Adventure,Family
Klaus,Animation,Adventure,Comedy
Monster House,Animation,Comedy,Family
Wizards,Animation,Adventure,Fantasy
Monsters vs. Aliens,Animation,Action,Adventure
All Dogs Go to Heaven,Animation,Adventure,Comedy
Madagascar 3: Europe's Most Wanted,Animation,Adventure,Comedy
Ice Age: Continental Drift,Animation,Adventure,Comedy
Madagascar: Escape 2 Africa,Animation,Adventure,Comedy
FernGully: The Last Rainforest,Animation,Adventure,Family
Despicable Me 4,Animation,Adventure,Comedy
One Hundred and One Dalmatians,Animation,Adventure,Comedy
Bubble,Animation,Action,Adventure
The Smurfs,Animation,Adventure,Comedy
Kaze tachinu,Animation,Biography,Drama
Papurika,Animation,Drama,Fantasy
Watership Down,Animation,Adventure,Drama
"Shin seiki Evangelion Gekijô-ban: Air/Magokoro wo, kimi ni",Animation,Action,Drama
The Simpsons Movie,Animation,Adventure,Comedy
Kaze no tani no Naushika,Animation,Adventure,Sci-Fi
Ice Age: Collision Course,Animation,Adventure,Comedy
Rio 2,Animation,Adventure,Comedy
James and the Giant Peach,Animation,Adventure,Family
Rise of the Teenage Mutant Ninja Turtles,Animation,Action,Adventure
A Scanner Darkly,Animation,Comedy,Crime
Brother Bear,Animation,Adventure,Comedy
Sleeping Beauty,Animation,Adventure,Family
"South Park: Bigger, Longer &amp; Uncut",Animation,Comedy,Fantasy
Horton Hears a Who!,Animation,Adventure,Comedy
Pinocchio,Animation,Adventure,Comedy
Doragon bôru chô: Burorî,Animation,Action,Adventure
Scoob!,Animation,Adventure,Comedy
Epic,Animation,Action,Adventure
The Witcher: Nightmare of the Wolf,Animation,Action,Adventure
Cinderella,Animation,Family,Fantasy
The Lego Movie 2: The Second Part,Animation,Action,Adventure
The Lord of the Rings,Animation,Adventure,Fantasy
Flushed Away,Animation,Action,Adventure
Penguins of Madagascar,Animation,Adventure,Comedy
Turbo,Animation,Adventure,Comedy
Puss in Boots,Animation,Adventure,Comedy
Spies in Disguise,Animation,Action,Adventure
Cloudy with a Chance of Meatballs 2,Animation,Adventure,Comedy
The Fox and the Hound,Animation,Adventure,Drama
Hotel Transylvania 2,Animation,Adventure,Comedy
Tenkû no shiro Rapyuta,Animation,Adventure,Family
Lady and the Tramp,Animation,Adventure,Comedy
Planes,Animation,Adventure,Comedy
Boku no Hero Academia: World Heroes Mission,Animation,Action,Adventure
Spirit: Stallion of the Cimarron,Animation,Adventure,Drama
Star Wars: The Clone Wars,Animation,Action,Adventure
My Little Pony: A New Generation,Animation,Adventure,Comedy
Kimi no suizô o tabetai,Animation,Drama,Family
Antz,Animation,Adventure,Comedy
The Rescuers,Animation,Adventure,Comedy
Ice Age: Dawn of the Dinosaurs,Animation,Adventure,Comedy
The Prestige,Drama,Mystery,Sci-Fi
Arrival,Drama,Mystery,Sci-Fi
Ex Machina,Drama,Sci-Fi,Thriller
Eternal Sunshine of the Spotless Mind,Drama,Romance,Sci-Fi
The Fountain,Drama,Mystery,Romance
Donnie Darko,Drama,Mystery,Sci-Fi
Her,Drama,Romance,Sci-Fi
Lucy in the Sky,Drama,Romance,Sci-Fi
V for Vendetta,Action,Drama,Sci-Fi
Infinite,Action,Sci-Fi,Thriller
War of the Worlds,Action,Adventure,Sci-Fi
Dredd,Action,Crime,Sci-Fi
John Carter,Action,Adventure,Sci-Fi
Contact,Drama,Mystery,Sci-Fi
2012,Action,Adventure,Sci-Fi
Back to the Future Part II,Adventure,Comedy,Sci-Fi
In Time,Action,Sci-Fi,Thriller
TRON,Action,Adventure,Sci-Fi
Tron,Action,Adventure,Sci-Fi
The Hunger Games: Catching Fire,Action,Adventure,Drama
Men in Black,Action,Adventure,Comedy
Independence Day: Resurgence,Action,Adventure,Sci-Fi
The Maze Runner,Action,Mystery,Sci-Fi
Passengers,Drama,Romance,Sci-Fi
Sky High,Action,Comedy,Family
Madame Web,Action,Adventure,Sci-Fi
The Predator,Action,Adventure,Sci-Fi
X: First Class,Action,Adventure,Sci-Fi
Superman,Action,Adventure,Sci-Fi
Total Recall,Action,Adventure,Sci-Fi
The Lobster,Comedy,Drama,Romance
Furiosa,Action,Adventure,Sci-Fi
Upgrade,Action,Sci-Fi,Thriller
Teenage Mutant Ninja Turtles,Action,Adventure,Comedy
Star Trek Beyond,Action,Adventure,Sci-Fi
Spaceballs,Adventure,Comedy,Sci-Fi
Batman v Superman: Dawn of Justice,Action,Adventure,Sci-Fi
Rollerball,Action,Sci-Fi,Sport
Predestination,Action,Drama,Sci-Fi
Waterworld,Action,Adventure,Sci-Fi
Galaxy Quest,Adventure,Comedy,Sci-Fi
Geostorm,Action,Sci-Fi,Thriller
Transformers: The Last Knight,Action,Adventure,Sci-Fi
The Butterfly Effect,Drama,Sci-Fi,Thriller
Pacific Rim,Action,Adventure,Sci-Fi
Weird Science,Comedy,Romance,Sci-Fi
Terminator Genisys,Action,Adventure,Sci-Fi
